clean_text,label
thirteen primary secondary schools adopt central kitchen model january aimed addressing shortage canteen stall operators does mean students parts traditional recess experience left  school canteen stall owner rayner  ben airey victus catering,1
recent statistics released central narcotics bureau clear trend cent caught cannabis use perceptions cannabis young hard scrub harmful drugs celebrities use countries legalise used medical reasons plays moderator yearold copywriter kimberley jeremiah puts burning questions  melvyn zhang consultant national addictions management service institute mental health firdaus daud national council drug abuse,1
life filled hardships tragedies fact clear people globe thousands years philosophers come strategies help cope hardship   talk philosopher william irvine ancient ideas backed modern psychology help manage disappointment misfortune,0
companies household names flame certain memes viral social movements spread fizzle today talk sociologist damon centola social contagion harnessed build better world,0
 reported suicides sharpest increase adults aged nearly twothirds men pressures groups face warning signs   jared  psychiatrist chief emergency crisis care institute mental health eugene chong counselling psychologist seeding minds seek help know struggling needs support  reaching helplines youthline text email hello youthlinesg helloatyouthlinedotsg youthline provides free mental health support youth phone email live chat service runs midnight daily calls outside operating hours redirected samaritans   civil defence force emergency medical services samaritans  whatsapp text email pat sosorgsg patatsosdotorgdotsg samaritans  provides roundtheclock confidential emotional support individuals crisis thinking affected suicide textbased services operational hours day day  national mindline whatsapp online webchat website roundtheclock confidential nationallevel helpline immediate counselling require support directed appropriate care resources,1
year period just percent terrorist attacks united states perpetrated muslims percent hand carried neonazis white supremacists far right groups americans spend time worrying radical islamic terrorism   look media overcovers acts terrorism quickly forgets look psychological reasons hard time putting threat terrorism perspective,0
  explore real fake fine art fine wine shankar  noah charney author art forgery art forgers compelled spend lives copying great masters want caught  love studies prove wine connoisseurs wrong,0
tone american politics benasty nastiness really worse previous eras does mean democracy historian david moss takes long view arguing american democracy resilient realize   turn history insight current moment american politics,0
recent viral video qihua primary school student seen repeatedly attacked case police investigation bullying getting worse  causes perpetrators filming deeds  cheung hoi shan assistant  national institute education moe master school counsellor sean  label ambassador cindy chu,1
rise ecommerce short spectacular pandemic biggest climate conference cop takes place glasgow staggering online shopping figures sit growing consciousness sustainability packaging waste unnecessary consumption does sustainable singles day look  lower sales fewer advertisements attract shoppers   finds lazada groups chief business officer james chang sharon   head marketing division ntu nanyang business school,1
happens recognizes street calls  hello idea person researchers say struggle read faces common   superrecognizers rest,0
singapores total fertility rate fallen historic low citizens arent having children sustain population numbers money spent encourage procreation doesnt work talk whats causing decline  norman li psychology   management university mother holly fang,1
 host shankar vedantam talks comedian aziz ansari star master coauthor modern romance tinder texting dating bit  buying jam,0
struggle communicate mom feel  spouse  different languages talk linguist deborah tannen conversational styles cause unintended conflicts communicate effectively people lives  work try support help  learn human behavior ideas improve life   ,0
feel  arent hours day struggle make time competing demands work home inevitably feel  letting way reclaim time result joy lives  psychologist cassie mogilner holmes explains weve fallen victim illusion time scarcity spend time wisely did catch weeks  better understand whats going inside persons head  work  financial contribution help make episodes ,0
need increase social protections platform workers clear things complicated comes pays work way sustainable stakeholders gets answers mathew mathews head ips social lab associate     university social sciences jason parke president digital platforms industry association hasteven yearold platform rider,1
look people complain lot goes wrong lives straight griping grumbling kvetching  talk psychologist robin kowalski complain effectively hear psychologist mike baer offers ways better feedback friend colleague comes complaints did catch recent  power rituals  work  financial contribution help make episodes ,0
numbers small want deliver food groceries turn gig work amidst pandemic platform companies treat  employees cpf ups insurance impact lines consumers pay higher prices   unpacks complex topic compensating flexible work managing director grab  yee wee tang,1
recently announced casual racism allegations investigated disciplinary breaches police force guidelines clear cut grey areas organisations deal  mathew mathews head institute policy studies social lab aamir bana undergraduate yalenus college jerviel  head people culture tatsu works honest conversation deal casual racism society workplaces,1
insurance riders cover nearly private hospital bills created situation patients tests need insurers lose money premiums spiral upward health minister ong ye kung tells government looking setting benchmarks private hospital charges similar surgeon fees,1
domain lives minds tendency accustomed things fact  evolutionarily designed focus new unexpected novel threats opportunities daily lives means wonderful things granted cease appreciate amazing people good fortune healthy  neuroscientist tali sharot explains used things fresh eyesour  subscription  available platforms devices sign free sevenday trial  applecohiddenbrain subscription provides key support help build episodes  truly grateful,0
tuesday sep  passed platform workers legislates stronger protections delivery riders privatehire car taxi drivers legislation needed does mean customers platforms offering services  food delivery transportation yeo wan ling assistant secretarygeneral ntuc associate     university social sciences ,1
aging isnt just biological process outlook emotions change age ways boost wellbeing psychologist laura carstensen unpacks science surprising finding shares learn older peoplehave torn pursue passion project latest   novelist physician abraham verghese tells person helped navigate dilemma life try  free   app applecohiddenbrain,0
line real imaginary  easy question answer hear touch real right way thinking limiting greatest gifts mind  meet people experience invisible real learn hone imaginations world new eyes,0
youve taken economics class probably taught people rational years ago psychologists daniel kahneman amos tversky began chip away basic assumption doing transformed understanding human behavior  remember kahneman recently died age revisiting conversations enjoyed look work daniel kahneman enjoy conversations behavioral economics kahnemans friend collaborator richard thaler misbehaving richard thaler follow anomalies,0
believe know wed choose die sense wed respond diagnosis incurable illness  story familys decadeslong conversation dying people death far distance people death near,0
 revised ambitious goal aiming produce cent fibre needs cent protein requirements high costs limited land small farming base realistic farming targets unpack itll build resilient food supply chain singaporeans buy local  paul teng s rajaratnam school international studies ray poh artisan green,1
recent viral video qihua primary school student seen repeatedly attacked bullying getting worse  causes perpetrators filming deeds   cheung hoi shan assistant  national institute education moe master school counsellor sean  label ambassador cindy chu understand complex issue bullying,1
years ago sociologist brooke harrington decided explore secret lives billionaires said shocked,0
  remarkable stories empathy showing empathy group feel threatening tribes,0
marriage hard signs harder   examine longterm relationships changed time able improve marriage asking,0
prime minister lawrence  sketched governments priorities national rally address focus parents education housing announcements significant shift different kind  smu associate  law eugene  assistant  elvin ong political science department nus assessment,1
randy gardner won world record going days sleeping radio replay randy shares insights experience warns copying stunt later program  neuroscientist matthew walker mind body benefits hours sleep,0
cinemas existed decades shut people prefer watch films home experience watching movie big screen saved discuss karen  cofounder projector ben slater senior lecturer ntus school art design media,1
maya shankar way extraordinary career violinist injury closed door  look wound field social sciences,0
young people embracing new way working making thousands dollars content creators youtube instagram tiktok onlyfans ecosystem feeding new generation want earn quick cash eschew traditional ninetofive job gets answers joanne liew chief studios content officer gushcloud nicholas  s r nathan school human development  university social sciences,1
does living animals really make healthier eat animals pets   talk psychology  hal herzog contradictions embedded relationships animals,0
decade child abuse cases involving neglect physical sexual abuse gone high profile cases court involved death young children gets answers works cases slip soh ying si deputy manager melrose home yogeswari munisamy senior principal social worker ministry social family development c amutha deputy head punggol family service centre,1
transport minister s iswaran handed year sentence judge vincent hoong charges including obtaining gifts public servant did prosecution asked head criminal law quahe woo palmer sunil sudheesan explains rare plus gets firsthand account senior journalist koh wan ting covered court proceedings,1
global music acts arrive small  theres mad scramble tickets seats reserved residents resellers charge exorbitant prices taken task does ticketing work heart matter  host gets answers joe ow ceo sistic  economist    university social sciences adelyn aidzil taylor swift fan,1
senior minister tharman shanmugaratnam announced intends run presidency held months exactly role president bar set high  voters want candidates open election gets answers eugene  associate  law  management university felix  associate lecturer nanyang technological university nur ridhuan business analyst voting time,1
words use second thought psychologist james pennebaker  pay close attention patterns speech writing understand profound things ourselvesfor relationship language minds  classic  ,0
weeks ago white supremacists took streets charlottesville virginia demonstration left americans asking lot questions nation stand tolerate united states goes countries protect speech hatefilled speech  used charlottesville  look people use free speech arguments motivations arguments apparent people making,0
youre bilingual multilingual noticed different languages make stretch different ways months radio replay ask structure languages  change way world look languages evolve resistant changes,0
applications received october buildtoorder bto flat sales exercise highest number august year minimum occupation period clawback rules rental restrictions did deter strong demand prime plus hdb flats  nicholas mak chief research officer mogulsg  sing tien foo nus business school,1
raised believe want just need set minds theres theres way right end polishing pint ice cream freezer spending budget allows ones charge  talk psychologist neuroscientist emily falk minds conspire best interests regain control followup questions thoughts emily falk  todays conversation youd willing share  audience record voice memo phone email ideashiddenbrainorg use subject line mental barriers thanksand love   joining  subscription  currently offering extended day free trial listeners    month september sign click  try free button   applecohiddenbrain subscription helps fund research writing sound design  appreciate support  illustration fast ink unsplash,0
money worries biggest sources anxiety lives americans  kick new money  psychologist brad klontz  external economic forces shape financial wellbeing unconscious beliefs money contribute manage money   new    youd  support work ,0
sweeping trump tariffs signal new world order taking shape affect wages jobs  education minister chan chun sing tells government plans doesnt lose sleep things control,1
countries national myths story thanksgiving example evokes warm glow intercultural contact european settlers struggling survive new world native american tribes eager help learned history class story leaves lot   explore national secret time christopher columbus arrived new world million native american people enslaved learn history psychological forces kept unexamined long,0
times life challenges face feel insurmountable authors succumb writers block athletes artists hit plateau people certain age fall midlife crisis different ways saying im stuck   conversation psychologist adam alter shares research stuck various points lives break free psychologist george bonanno answers questions trauma resiliencein  youll learnwhy beginning end project manageable midway pointtechniques help plateau phase project goal break daunting endeavors smaller manageable pieceswhy perfectionism destructive creativity avoid mental trapwhy difficult peoples stuckness relationship prolific successful  heading road coming philadelphia new york city tour dates country announced later spring info tickets hiddenbrainorgtour  illustration getty images unsplash,0
younger singaporeans stronger different views older generation race yalenus student cohost adriel yong   talk institute policy studies mathew mathews  host sabrina shiraz sap schools ethnic integration policy workplace discrimination true multiracial  look ,1
described intractable problem transportation migrant workers worksites issue complex safety business realities common ground breaks debbie fordyce president migrant rights group transient workers count twc associate     university social sciences,1
big announcement expected friday feb goods services tax gst raised lightning rod tool governments revenue kit value people impacted offsets  gst vouchers sufficiently aid lowincome families   puts burning questions simon poh associate  nus business school ajay kumar sanganeria head tax kpmg  terence ho associate     school public policy,1
food security critical issue  imports cent produce goal grow cent food locally aims mitigate local farming struggling create viable ecosystem cost consumers commitment  kenny eng fourthgeneration farmer founder local farm  william chen director ntu food science technology programme,1
having sense purpose buffer challenges face various stages life purpose boost health longevity kickoff annual  cornell university psychologist anthony burrow explains purpose isnt develop  work   help  learn human behavior ideas improve life   ,0
crow shooting set resume increasing number reported crow attacks highlighting ongoing tension humans wildlife  wants city nature needs change people animals coexist peacefully unpack issue soh ze bin national parks board kalai vanan balakrishnan acres weeks  ,1
certis came scrutiny recently controversial policy requiring officers medical leave share live location home company rolled mandate debate workplace sick leave policies continues far companies prevent abuse does trust fit  hao shuo ceo  national employers federation alvin goh ceo  human resources institute,1
cases family violence reported  bystanders called authorities complain party noises hesitate suspect abused say  marcus  head touch family support psychiatrist  joseph leong promises healthcare mohamed fareez deputy director amkfsc community services,1
holidays fast approaching hunting special special someones lives care hard right gift    conversation researcher jeff galak discuss presents holidays birthdays miss mark better giftgiver looking holiday gift fellow  fan gift subscription  material gifts style shophiddenbrainorg  tshirts mugs stickers,0
enabling masterplan aims increase employment people varying disabilities biggest challenges does companies onboard  ho geok choo founder ceo human capital  dg carole ann multiple amputee works servlink technology resources,1
privacy concerns raised acras new bizfile portal showing nric numbers search results  government announced intends stop masking numbers change way information used people organisations continue protect cybersecurity attacks  steve  deputy head technology media telecommunications rajah tann  aaron chief information security officer singaporebased services company wissen international,1
forgetting colleagues keys deeply frustrating  psychologist ciara greene helps explore science forgetting look minds hold memories lifetime discard seconds grapple question people ask forgetfulness sign wrong mein  youll learn neurological underpinnings memorywhy forgetting core minds work process forgetting good thinghow psychological states shape remember frame memorieswhy treat memories skepticism forgetfulness compassion  going tour join shankar shares key insights decade info tickets,0
youve taken religious service stopped think people believers rituals come purpose does serve  bring  social psychologist azim shariff argues  religion darwinian perspective innovation helped human societies grow flourish,0
workers party facing toughest political test reputation greater damage raeesah khan saga storms weathered premature count singapores main opposition party    gillian koh deputy director research institute policy studies eugene  associate  law  management university,1
episodes archives look scourge scams  increasing sophistication fraudsters public education banks pay losses liability fairly decided  jansen chow cohead fraud asset recovery investigations practice rajah tann law firm assistant  nydia remolina  management universitys yong pung school law ho geer mother lost s scam,1
medical appointment doctor ask questions smoke getting exercise sleeping rarely ask lonely surgeon general vivek murthy believes suffering epidemic loneliness   conversation murthy importance human connection physical mental health strengthen social tiesa note weeks  includes discussion suicide youre experiencing suicidal crisis emotional distress based reach suicide crisis lifeline calling did catch weeks   power tiny interactions  work  financial contribution help make episodes ,0
median salary figures large gap graduate degrees polytechnic ite diplomas era skills prized salaries kept pace just perception  mark li head client solutions randstad  christine kunasekaran sales operations analyst hewlettpackard enterprise ite graduate  kai xian temasek polytechnic graduate,1
know maybe better question ask truly know psychologist tim wilson  introspection gets far make important decisions life love reasons dont realize  simple ways improve selfknowledge  sure  work including recent episodes mindsets shape lives subtle profound ways  looks respond stress  examines beliefs food exercise affect bodies youd  support work  ,0
recent internal security department report warns increasing risk extremist ideologies  ai powerful enabler ai changing radicalisation process combat sits kenneth yeo s rajaratnam school international studies associate  razwana begum  university social sciences unpack troubling issue,1
moments lives use helping hand friend recently went breakup elderly person trying load groceries car stranger street looks little lost tell help stops  psychologist amit kumar helps understand keeps taking moment kind overcome barriers create stronger happier connections moment blank best friends forget passcode phone want understand improve memory sure  weeks  remember forget  sure   sign ,0
time friday commute introduce new segment called magic  shankar explores social science magic discovers free choice just illusion,0
beginning year make resolutions months come resolve work procrastinate save money people stick aspirations fall short   conversation psychologist wendy wood shares researchers build good habits break bad ones,0
early s couple researchers wrote article atlantic farreaching consequences article introduced new idea crime policing called broken windows idea simple broken window sign neglected community neglected community place crime thrive researchers said police fixed small problems created visible signs disorder big ones disappear today explore ideas away invented taken places intended,0
humans social species surprising care lot people think surprising stumble try manage views  organizational psychologist alison fragale explains offers better ways win friends influence people enjoy todays  sure   conversations youyou clearlyinnovation influence,0
whos tried failed follow diet knows food fuel    psychology eat spit come,0
stay course life shift changing tides  bring case studies world business explore science inflection points changes dramatically transform course events researcher rita mcgrath columbia university explains fail impending moments upheaval adept spotting themwhat youll learn weeks episodethe definition inflection point identify professional personal lifethe stages inflection points advantage themthe warning signs inflection point passing todays  interesting insightful share people life recommendation best ways help connect new listeners ideas explore work sure sign   bring latest research human behavior  teaser moment joy,0
assume life experiences root political ideologies deeper play,0
big names  netflix paypal tesla shed jobs cooled offers home conglomerate sea limited run rough waters management suspending salaries whats going growth costs come home roost does mean tech jobs   yorlin  chief operating officer momentum works assistant   weiyi nus business school,1
insurer great eastern suspended preauthorisation admission mount elizabeth hospitals raised questions way health insurance managed  increased medical bills insurance premiums paying gaps  associate  jeremy  saw swee hock school public health  yoong siew  health services consultant,1
additional certificates entitlement coes progressively injected vehicle categories february government making bring coe premiums     university social sciences arthur  managing director acm automobiles,1
singapores beverage container return scheme bcrs underway months test consumers retailers producers adapt new refundable deposit cent refund change recycling habits convenience confusion way  stephanie yip chief executive officer scheme operator bcrs lionel dorai executive director zerowaste sg unpack mechanics scheme foster broader culture waste awareness,1
mother recently sentenced jail faking home address child primary school raising question just far parents secure spot school choice tighten process unpack pressures parents face primary registration junda ong founder sg schooling assistant  jacqueline ho  management university,1
ai model developed littleknown chinese hedge fund reportedly rivals openais chatgpt significantly lower cost triggered deep freak global tech industry big reaction deepseek implications   leslie teo senior director ai products ai  jianggan li founder ceo venture outfit momentum works break,1
young people aged elderly groups showing greatest signs mental health distress  triggers journey seek help   yearold university student rae yearold father teenagers mak kean loong senior clinical psychologist chris   heart matter discusses suicide ideation listener discretion advised help samaritans  hotline institute mental healths helpline  association mental health helpline list international helplines know immediate risk hour emergency medical services,1
youre going day likely interact family friends coworkers relationships help feel cared connected theres category people life impact overlooked second  relationships  psychologist gillian sandstrom reveals simple ways make life little joyful maybe little lonely did catch   engage conflict productively  work  financial contribution help make episodes ,0
feedback littering offences increased ratrelated problems rise coffee shop toilets continue rate poorly plans increase surveillance shame litterbugs work long  rely army cleaners  andrew khng chairman public hygiene council  serene koh director behavioural insights team rosie ching principal lecturer statistics  management university,1
global cybersecurity breach involving mobile guardian app affected students secondary schools  august devices wiped remotely hacker vendors assessed responsible ensuring backups chat chng chief operating officer cofounder flexxon ken soh chair sgtech cyber security chapter ceo athena dynamics,1
bigger tranche vouchers generous rebates investments local workforce hallmarks budget  emeritus finance  management university annie koh assistant  chua yeow hwee nanyang technological university tell budget goodies just upcoming elections,1
life feel  stuck treadmill matter hard try happier end started whats going kick annual summer  happiness researcher elizabeth dunn explains fight treadmill feeling,0
know casual sex isnt love lust sociologist lisa wade believes pervasive hookup culture campuses today different faced previous generations   explore culture means choose participate opt,0
 placed orders paediatric vaccines trials planned kk hospital multiministry task force announce decision soon parents niggling fear despite clinical trials showing good outcomes children aged   sits   yang chern paediatrician thomson paediatric centre ashley st john associate  dukenus medical school cherie tseng chief operations officer local fintech company mother kids aged data shows effects dosing amounts safe parents dont hesitate getting vaccinated wring hands comes younger children,1
 bring second conversation perils pleasure psychiatrist anna lembke explains neuroscience compulsive consumption shares techniques shes learned patients overcome lure addictive substances behaviors anna responds questions comments dopamine fasts kids use cell phones segment questions answeredif missed  listen herelooking perfect holiday gift  fan life membership  subscription  learn gift subscriptions patreoncomhiddenbraingift tshirts tote bags mugs thing kinds  swag online store just shophiddenbrainorg prefer gift experience  tickets live tour headed hiddenbrainorgtour  happy holidays  illustration anna kutukova unsplash,0
exciting dont know whats coming times unknown deeply troubling  talk researcher dannagal goldthwaite young respond uncertainty psychological trait plays surprisingly large role shaping behavior perspectives political beliefs youd  learn intersection psychology political views   episodes moral combatus dinner tableus common,0
past weeks weve exploring psychology partisanship effectively handle disagreements  conclude  turning past talk journalist steve inskeep important leaders american history abraham lincoln grappled pressing moral question time worth compromising principles sake greater progressif enjoyed  sure  conversation thomas jefferson historian annette gordonreed  called founding contradiction  feed listen website,0
teenagers young interested extremist religious content online games trend family members spot red flags   omer ali saifudeen  university social sciences  mohamed ali cochairman counsellor religious rehabilitation group nicholas khoo cofounder chairman  cybersports online gaming association,1
millions people world use social media day stay touch friends family ironically studies shown people spend time sites feel socially isolated dont   explore psychological effects social media fomo fear missing lead actually missing,0
rely incentives people things avoid parents reward kids doing homework companies offer bonuses highperforming employees charities send gifts donors second  success  economist uri gneezy shares incentives help achieve goals know avoid pitfalls american culture celebrates persevere face adversity know walk away thats longer working economist john list  domain lives important know pivot new sure  taking leap kickoff success   sure   sign ,0
learning new languages help understand cultures countries cognitive science  lera boroditsky  languages  thatthey shape world profound ways,0
number retrenchments went workers facing brunt volatile business environment kind help workers need whats budget wishlist  cheng hingnan lead coach workforce  gerald  projects director avodah solutions lai yong liang urban farmer grobrix,1
far great equalizer covid disproportionately sickened killed african americans latinos reasons inequalities reach pandemic began  return  investigates specific source racial disparities medicine beyondand considers uncomfortable solution,0
just decade number malls  doubled usually set list tenants anchor retailer supermarket pharmacy floors eateries malls look need better  associate  lynda wee nanyang business school winnie chan founder ceo bynd artisan retail outlets,1
youre parent teacher youve probably wondered balance play safety kids care dont want children danger dont want rob joy exploration    conversation psychologist peter gray talk independent play important childs development answer listeners questions role parents schools neighborhoods play giving kids autonomy  youll learn skills children develop play parental involvement american culture shifted away independence children recent decades role independent play helping children learn key lessons thrive developmentally simple question parents ask kids create space unstructured play know whats ageappropriate comes independent playhow foster independent play neighborhood community schools encourage unstructured opportunities kids  photo aisiri iyengar unsplash,0
latest round property cooling measures announced apr stood cent additional buyers stamp duty absd foreigners looking buy  form small fraction entire group buyers big impact general market moves considered preemptive stop foreigners sinking roots     nai jia head real estate intelligence data software solutions propertyguru group aric  real estate consultant huttons asia,1
boys message young age dont feelings dont rely  bring   misguided notions masculinity united states explore notions create stressedout romantic relationships physical health problems growing epidemic loneliness plus  begin tell different story means man,0
countries yearolds  topped pisa table reading math science important metrics world social creative skills critical artificial intelligence taking centre stage gets answers liew wei li directorgeneral education ministry education associate  jason  national institute education parent lecturer ian ,1
time years independent candidate received cent vote share performing better smaller opposition parties jeremy  ran mountbatten smc darryl lo contested radin mas smc join talk lessons learnt campaigning future ge,1
patients reported waiting days bed public hospital health experts say biggest reason issues transiting proper care discharge  public health specialist  jeremy  dukenus medical schools  david matchar jeremy  assistant chief operating officer national university hospital,1
singapores core inflation hit year high factors driving rising costs control things worse average household impending gst hike offsets help government host gets answers associate     university social sciences selena ling head treasury research strategy ocbc bank,1
recent survey showed teachers  work longer hours grapple stress global peers teaching plan learning journeys school events break arguments counsel students field afterhours messages parents  teacher heidi  associate  jason  national institute education ease educators workloads,1
yearold student recently issued restriction order selfradicalised salad bar extremist ideologies boy identified incel short involuntary celibate subculture men believe unable romantic partner did incel culture root conversations youths turn extremist ideologies discuss yasmine  associate research fellow centre excellence national security s rajaratnam school international studies devendra bisaria counsellor incontact counselling,1
weve grown accustomed viewing climate change enemy urgently defeat right metaphor greatest existential problem time   reframe way think life changing planet  work   help  learn human behavior ideas improve life   ,0
personal mobility aids pmas meant medical conditions mobility issues ablebodied people use issue pma user michael  founder ceo project elev florence cheong active mobility advisory panel member weigh,1
change someones behavior point education persuasion answer lies today explore revolutionary insight human nature journey budapest hills rwanda,0
marriage hard signs harder  summer  examine longterm relationships changed time able improve marriage asking  work   help  learn human behavior ideas improve life   ,0
midst rancorous election present new theory explain sides aisle irreconcilable,0
young people join isis nihilism social scientists suggest perverse idealism   explore psychology terrorist groups young people leave promising futures join,0
typically divide country distinct groups democrats republicans real political divide country isnt left right care intensely politics dont  bring  conversation political scientist yanna krupnikov offers alternative way understand americans political viewsfor reporting intersection politics psychology   political hobbyism  classic  come political values beliefs  ,0
human drive invent new things led pathbreaking achievements medicine science society desire innovation seeing powerful paths progress subtraction engineer leidy klotz  best way forward involves removing streamlining simplifying thingsif  sure  work including recent  psychological traps fall comes money  new    youd  support work ,0
overloaded sockets cheap batteries cluttered homes factors driving fires homes whats missing understanding safety responsible  benedict koh president safety managers association  yong teck meng director habitat humanity  tang kok zuea lecturer nus college design engineering,1
unpredictable things happen time process getting feet realize somethings different radio replay mark new year  stories loss change brings,0
  excited share episodes new   features listener jackie briggs portland oregon stranger noticed unusual mark jackies arm realized wrong   ,0
nanyang technological university ntu accused students academic fraud year saying used generative ai tools assignments limitations ai use does cross line time rethink way assignments designed assessed  associate  ben leong director ai centre educational technologies nus jeremy soo cofounder nex ai,1
lease renewed raffles town club latest line private clubs land repurposed government uses aside land restraints future clubs   generational aspirations changing  desmond tay president club managers association  jean low ceo social club chief research officer mogulsg nicholas mak,1
companies household names flame certain memes viral social movements spread fizzle today   conversation sociologist damon centola studies social contagion harnessed build better worldthink time tried win argument bolster case recent  helpful strategies  feed  work   ,0
long wait times big difference cost private public services lack trained professionals critical issues facing tackle mental health issues   soo shuenn chiang head psychiatry alexandra hospital senior consultant nuh asher low executive director limitless nonprofit organisation works young people chow yen lu founder rainbow parent lost child suicide,1
money worries biggest sources anxiety lives psychologist brad klontz  worries shaped number bank accounts theyre driven unconscious beliefs  bring  conversation klontz  possible identify change calls money scriptsfor work  joining  subscription  home conversations ideas wont hear plus youll providing vital support work listen   applecohiddenbrain use  platforms devices sign   support,0
sg budget election year prime minister lawrence  set lay priorities year list business owner pulse  parent elderly caregiver serene chew labour economist   conversation,1
months ago  brains max nesterak resolution quit smoking know resolutions broken   max hes fared social science insight help quit bad habits,0
 brandnew   called  hosts talk sports  sporting infrastructure changed joseph schooling won gold national swimmer mark chay ceo sport  alan goh guests previously called heart matter  hosted,1
 certificate entitlement coe premium hit record s open category  pop hood explore whats driving demand remains relevant people just accept high cost cars steve  assistant  terence fan  management university arthur  managing director acm automobiles aaron  ceo startup carro online car marketplace,1
bus train fares  cents journey adult commuters dec public transport fees calculated role government subsidies assistant  terence fan  kong chian school business  management university  raymond ong department civil environmental engineering nus explain,1
favourite news  heart matter returns new season brand new look sound called  hosted  continues fresh perspectives hottest news,1
global cybersecurity breach involving mobile guardian app affected students secondary schools  devices wiped remotely hacker vendors assessed responsible ensuring backups chat chng chief operating officer cofounder flexxon ken soh chair sgtech cyber security chapter ceo athena dynamics,1
listen closely giggles guffaws polite chuckles discern huge information people relationships  talk neuroscientist sophie scott shades laughter cackles delight close friends canned mirth tv laugh tracks,0
regrets estimates regret common emotions experienced daily lives  hear listeners stories regret talk psychology  amy summerville runs regret lab miami university ohio summerville  regret doesnt negative force lives hopeful emotion,0
aging isnt just biological process outlooks emotions change age ways boost wellbeing    conversation psychologist laura carstensen helps unpack science surprising finding shares learn older people ongoing  questions answered  followup chat laura responds listeners thoughts questions shares research means live agecome shankar person help celebrate  brains tenth anniversary stops perceptions tour mesa baltimore washington dc los angeles info tickets visit photo hector reyes unsplash,0
finding new job solution woes work ways daily grind  talk psychologist amy wrzesniewski yale university meaning purpose jobs,0
happens best blank someones forget important meeting bomb test thought wed ace weeks installment  talk cognitive scientist daniel willingham mysteries memory works fails build memories stick  listen  say,0
politics elysa chens plan used think pap paternalistic touch tea session pap led partys new face standing ge tells   contesting bishantoa payoh grc feels  homecoming,1
prime minister  hsien loongs announcement repealing section years national day rally widely anticipated matters messier clearer make things worse key stakeholders involved rakes gillian koh deputy director research institute policy studies terence ho associate  practice    school public policy associate  law  management university eugene ,1
bluesgs abrupt decision suspend carsharing service surprised customers industry experts does mean singapores carlite ambitions  getgo cofounder toh ting feng  samuel chng  university technology design,1
lack time courses choose difficult navigate website reasons singaporeans using skillsfuture credits upskill lifelong learning national push workers relevant employable right wrong way use skillsfuture credits unpack associate  victor seah  university social sciences career development specialist  yvonne kongho,1
imagine seeing cockroach skitter kitchen counter does thought gross  unflinching look things make say e plus disgust isnt instinctive assume,0
commuters expressed frustration land transport authority announced ezlink nets flashpay cards used buses trains june shift simplygo difference payment types authorities better communicate change gets answers sumit agarwal  school business national university    heads urban transportation programme  university social sciences,1
women named virginia likely virginia people carpenter likely carpenters   bring   preference things remind tendency larger implications imagine,0
percent students intend college dont actually new campuses fall education researchers phenomenon summer melt long puzzling problem kids taken sats written college essays applied accepted school choice theyve applied received financial aid college  bring  looking closely problem way address,0
think time asked maybe nervous worried person think chances didnt stop think pressure exerting person     phenomenon known egocentric bias look bias lead astray  work   help  learn human behavior ideas improve life   ,0
does fivecent plastic bag charge actually unpack singapores supermarket carrier bag fee reports retailers used proceeds business operations cheang kok chung  environment council  lawrence loh nus business school join weeks   talk green spending look  transparency shapes public trust singapores green efforts,1
hahaha average fouryearold child laughs times day contrast takes months average yearold adult laugh times  talk behavioral scientist jennifer aaker stanford university fall humor cliff adults plus inject laughter lives difficult times,0
character citizenship education cce lessons  schools came public scrutiny recently discussions israelhamas war contentious issues discussed classrooms skills teachers need navigate children increasingly polarised world explores  thavam kanagaratnam master specialist cce branch education ministry philibert leow principal jurongville secondary school clinical psychologist  annabelle chow,1
youre hungry hard think food youre desperately poor constantly worry making ends meet youre lonely obsess making friends   bring   psychological phenomenon scarcity researchers say form tunnel vision affect ability big picture cope problems lives,0
replication crisis psychology findings simply replicate critics indictment entire field best journals interested publishing sexiest findings universities pressuring faculty publish   closer look socalled crisis certainly cases bad science fraudulent data lots reasons perfectly good studies replicate look seminal study stereotypes asian women math tests,0
human beings better fighting climate change werent human  explore psychological barriers addressing climate change,0
options confronting parents special needs children complete formal schooling  dismal leading stay home burden caregivers increase gaps needs sits bernard chew st andrews autism centre ceo clement phua neo father yearold son intellectual disability jean loo deputy director advocacy community engagement rainbow center,1
authorities cracking vaping druglaced kpods parents struggling conversations children think vaping big deal families navigate young people coping message fatigue peer pressure insights cherie tseng mother alvin seng counsellor care,1
just months  seen disruptions rail network time rail reliability according key measure lowest point time authorities rethink way measure networks reliability new connectivity solutions train services weeks   transport economist   tin pei ling chair government parliamentary committee transport needs trains track,1
jobs ai took centre stage years budget government committing significant resources ensure singaporean left concrete steps propel  forward help build truly society sit associate     university social sciences  reuben     school public policy unpack plans implications budget,1
started collapse silicon valley bank followed swiftly emergency rescue beleagued credit suisse ubs does bank bust drives panic fear leads bank run happen  gets answers sumit agarwal low tuck kwong  school business national university  thilan wickramasinghe head research  regional head financials maybank investment banking group,1
youre percent americans working home reveling daily commute dining room table saying economist nicholas bloom joins spare bedroom ponder working home actually working,0
j marion sims remembered father modern gynecology forgotten mothersthe enslaved women bodies sacrificed advancement research,0
change past erase trauma hardship way regain control personal narratives second  storytelling look interpreting stories lives rewriting change forever note weeks  touches themes trauma suicide know having thoughts suicide text national suicide prevention lifeline,0
voters gave peoples action party prime minister lawrence  clear mandate ge accounted result opposition parties make good gains election  associate  eugene   management university  reuben     school public policy,1
lot psychological noise involved teaching replaced mental clutterwith click  bring  exploring innovative idea learn dolphin exhibit hawaii teaching hospital new york method quiet noise turn learning minefield misery,0
think time resisted watching   tv decided second piece cake friends birthday party societies selfdiscipline seen invaluable trait overlook makes possible hold moments temptation  psychologist celeste kidd offers new way think selfcontrol talk researcher jacqueline rifkin right balance indulgence restrainthave torn pursue passion project latest   novelist physician abraham verghese tells person helped navigate dilemma life hear  subscriber   ,0
students want junior college need total subjects instead change meant ease academic load reduces stress students parents remains seen singapores education minister chan chun sing sits unpack changes,1
 residents exceeded recommended salt intake daily calorie intake according latest national nutrition survey findings people risk obesity hypertension food paradise   deliver delicious food salty busy lifestyles making harder people eat better   kalpana bhaskaran president  nutrition dietetics association clinical dietitian parkway medicentre candy goh terence koh father lost kg months newborn son,1
australia latest country propose legislation right workers disconnect office hours changing work patterns availability produced issues  burnout legislation create problems companies effect important shift singapores work culture moderates discussion raj joshua thomas lawyer nominated member parliament  brandon koh organisational psychologist  university social sciences  jaclyn  chief human resources officer certis group,1
pickleball catching fast  complaints noise space growing just quickly landscarce  room new sport  ganesh ramalingam founder pickleball social crew assistant   shin bin    school public policy,1
men corner leah dark street shes walking home sees car glimmer hopeto hear stories   new    wed love hear story send voice memo myunsungherohiddenbrainorg,0
new overseas networks expertise pass pass plans draw rainmakers globally different visas need talent help singaporean workers gets answers manpower minister  leng cofounder carousell marcus  jaya dass managing director permanent recruitment asia pacific randstad,1
extended liquor hours plans allow new nightlife venues authorities trying inject life citys afterdark scene boat quay upper circular road clarke quay areas rising costs customers want experiences just alcoholic drinks nights initiatives bring crowds  danny loong president  nightlife business association mogan vithilingam cofounder  pub crawl,1
great comfort familiar reason humans flock people share interests laugh jokes hold political views familiar ground best place cultivate creativity science business music world fashion researchers people deep connections people countries cultures benefits terms creative output   look powerful connection ideas dream people surround really takes think outside box,0
news german insurance company allianz planning buy majority stake income insurance led sharp criticism questions asked income insurance ntuc cooperative prioritising profit people moving corporations   lawrence loh director centre governance sustainability nus business school eddy cheong ceo havend pte insurance advisory firm,1
 prejudiced people different say late s researchers created test measure biases  conscious minds millions people taken likes theyve discovered  launch twopart look implicit bias psychologist mahzarin banaji ask hold negative stereotypes aware themto learn moreproject implicitoutsmarting implicit biasdid hear episodes happiness  sure  conversation awe cultivate lives  work   ,0
comedian sammy obeid   cancelled censorship authorities say late licence application does arts entertainment licensing really work especially unscripted formats  standup comedy  local veteran entertainer kumar heazry salim cofounder comedy club asia rules risks freedom performers actually stage,1
memories easily contaminated believe rode hot air balloon kissed magnifying glass things happened know memories accurate  psychologist ayanna thomas explains memory works fails ways make better,0
ads encountered today weeks radio replay discuss insidiousness advertising american media begin new reporting effects cereal commercials children later program   episodes buying attention,0
years budget placed strong emphasis jobs ai government identifying key sectors propel economy forward workers pace shifting dynamics weeks  acting minister transport senior minister state finance jeffrey siow sits discuss preparing singaporeans ai lies ahead,1
government providing resources years budget parents choose children second minister finance indranee rajah sits talk families jobs ideal ageing looks ,1
passengers sq given cash advances light injuries aircraft experienced severe turbulence airlines obliged compensate amounts decided later sue lawyers paul  head aviation rajah tann  llp chooi jing yen eugene thuraisingam llp guests,1
theres tradition thanksgiving dinner tables thats consistent stuffing pumpkin pie family stories told year year stories funny make roll eyes matter feel tales rarely pause  shape view world  talk psychologist robyn fivush profound impact family stories lives enjoyed todays conversation  episodes likehealing change story change life story liferewinding rewritingthanks ,0
gender things notice people ideas gender come gender differences explained genes chromosomes result upbringing culture environment  delve debate nature vs nurture meet person united states officially reject labels male female recognized nonbinary,0
caring patients day meeting global experts night racing time workable vaccine ground ncid executive director  leo yeesin dukenus medical school  ooi eng eong recall working roundtheclock frontlines battle covid share highs lows fog war cnas,1
  shankar talks googles laszlo bock insider tips insights works doesnt work recruiting motivating retaining talented workforce,0
past weeks headlines world focused violent conflict israelis palestinians   archive hear israeli soldier palestinian man asked radical question happens empathize enemy showing empathy powerful carries risks  work   help  learn human behavior ideas improve life   ,0
following workers party chief pritam singhs removal leader opposition nation waits new nominee step role weeks  sit associate  eugene   management university independent political observer  felix  unpack role leader opposition necessary  lies ahead workers party,1
news broke orto leisure park yishun make way housing residents expressed sadness disappointment asked building flats spaces matter community puts questions  woo jun jie senior research fellow institute policy studies  liu thai ker chief planner,1
people good putting persons shoes struggle relate psychologist jamil zaki argues empathy isnt fixed trait  final installment    exercise empathy muscles,0
saying asks easier said maybe boss wants new assignment kids teacher seeking volunteers field trip friend asks lend money respond demands time energy resources  psychologist vanessa patrick explores hard say set boundaries make easier havent caught episodes years   feed website gift peopleyou taking control time  ,0
tech giant grab told employees return office days  starting december follows mncs amazon reasons mandating fulltime office work stand scrutiny discuss guests karen teo country manager recruitment talent firm quess   issac  founder anthro insights lecturer nus business school,1
ministry health looking curb excessive issuance medical certificates mcs especially telemedicine doctors following feedback employers government agencies deeper issue outdated needing proof illness trust work better chat  shravan verma cofounder ceo speedoc christine chan senior professional institute human resource professionals chief human resource officer nudgyt,1
singaporeans lost record s billion scams majority victims age scammers smarter sophisticated technology step weeks  li hongyi hygin prasad fernandez open government products talk possible outsmart scammers,1
doesnt psychologist narcissism culture selfies decided talk jean twenge researcher author books narcissism epidemic generation,0
jetstar asia cease operations jul unsurprising experts lowcost carrier struggling turn profit tough aviation market  shukor yusof aviation consultancy endau analytics  nitin pangarkar nus business school future holds,1
perfectionism everyones  flaw easy assume push perfect leads academic athletic professional success distinguish high standards unrealistic expectations  bring  conversation psychologist thomas curran  perfectionism dark healthier ways strive excellence bring latest edition segment questions answered sociologist allison pugh returns respond listener questions connective labor work seeing person having person feel seenthe  tour continues fall join baltimore october washington dc october los angeles november info tickets hiddenbrainorgtourepisode image dadi prayoga unsplashcom,0
recent accident tampines killed people raised questions singapores driving culture speeding beating red lights drink driving stubborn issues bernard tay chairman  road safety council julian kho general manager sgcarmart tell needs change,1
running business  easy feat especially fiercely competitive fb scene outlet closes quickly steps does constant churn signal thriving industry does point growing challenge local entrepreneurs competing wellfunded foreign players weeks   cofounder black hole group mustaffa kamal restaurant industry watcher debbie yong unpack really takes fb establishments stay relevant profitable toughest dining landscapes,1
people country culture mark important milestones births marriages deaths intricately choreographed scripts appeal supernatural forces  sports teams extra advantage  anthropologist dimitris xygalatas explains psychological power sacred secular rituals structure lives did catch recent  secret good gift giving  work  financial contribution help make episodes ,0
hold truths selfevident men created equal words penned thomas jefferson years ago continue inspire americans written man owned hundreds slaves fathered children enslaved woman  talk pulitzer prizewinning historian annette gordonreed contradictions jeffersons life contradictions resonate lives,0
deny marriage hard fact theres evidence getting harder     history marriage evolved time talk historian stephanie coontz psychologist eli finkel explore ways improve love lives including asking partners questions answered psychologist jonathan adler answers questions science storytellingif followup questions thoughts ideas youd willing share  audience record voice memo phone email ideashiddenbrainorg use subject line marriage email address ideashiddenbrainorgthe  tour continuing stop just weeks away join los angeles november stay tuned dates coming info tickets head hiddenbrainorgtour  illustration getty images unsplash,0
decided actively involved workers party candidate  ong lue ping senior principal child psychologist decided director position institute mental health wp candidate tampines grc tells staying present conflict prompted join opposition party,1
scourge scams continues unabated  nearly people falling victim months year increasing sophistication fraudsters public education banks pay losses liability fairly decided  jansen chow cohead fraud asset recovery investigations practice rajah tann law firm assistant  nydia remolina  management universitys yong pung school law ho geer mother lost s scam,1
human nature hide parts produce shame anxiety tend skip details change perceive matter big small secret weigh minds reasons expect   talk psychologist michael slepian costs secret keeping,0
favor know think weve good deed dont tend ask harmed treating person kindness  second twopart  moral decisionmaking  actions come place love lead unjust world,0
conversation lifes unseen patterns discover whats inside  ,0
groceries electricity water prices singaporeans feeling pinch inflation stays stubbornly high sandwiched generation hit hard lowerincome group far government support gets answers ong eecheng senior lecturer nus ava gao parenting coach mum loh yong cheng lead advisory team providend,1
latest edition miss universe  inclusive single mother transgender woman contestants relevant beauty pageants beauty  angela tay managing director erm  organises mrs  world manhunt  mrs veronica  years winner mrs  world,1
premiums certificate entitlement coe soaring larger cars people simply idea owning cars need convenience having vehicle ferry children elderly options gets answers julian kho general manager sgcarmart toh ting feng ceo founder getgo  chong tee cofounder startup father fourmonth old baby,1
nanyang technological university ntu recently accused students academic fraud saying used generative ai tools assignments limitations ai use does cross line time rethink way assignments designed assessed  associate  ben leong director ai centre educational technologies nus jeremy soo cofounder nex ai,1
happens connect people view world different look links diversity conflict creativity,0
valentines day  talking love instead explore forces drive romantic relationships,0
newspaper shuts obvious costs community serves job losses fewer local stories new research suggests theres consequence thats harder spotone comes hefty price tag residents   ask bears cost wants pay information research  visit,0
tony angry english teacher mrs holman making stay class day school takes hand tells hell forgetto hear stories   enjoy,0
recent surprise expense youre half american households report facing unplanned financial shock year  second new money  psychologist abigail sussman points blindspots money smarter spending savingif  sure listen weeks  unconscious attitudes money influence manage finances  new    youd  support work ,0
airwaves filled debates migrants refugees undocumented immigrants united states shouldnt decide immigration question flash point years political debates issue core want headed nation today going fresh look issue exploring history teach patterns paradoxes immigration nation immigrants  shows weeks  issues bubbled surface politics year reveal human nature historian maria cristina garcia joins,0
youve taken religious service stopped think came did people believers did rituals come purpose does serve  explore questions psychologist azim shariff argues think religion darwinian perspective innovation helped human societies survive flourish,0
patience feel  lost art particularly culture prizes competition idea failing fast psychologist sarah schnitker  patience vital skill success personal professional lives talk sarah difference patience passivity train patient latest installment questions answered jennifer tostikharas responds listeners questions calling set aside longer serving  youll learnwhy brains dislike uncertainty lead impatience hasty decisionsthe different types patience researchers identified affect lifehow strengthen ability practice patience relationship purpose patiencehow impatience affects mental physical health  illustration gustopo galang unsplash,0
number elderly singaporeans living doubled past decade  cusp superaged society numbers climb support systems exist elderly person needs urgent medical help just talk  karen wee executive director lions befrienders  reuben     school public policy,1
pulled memories past  emotions just shake regret nostalgia,0
anxiety uncomfortable emotion try avoid psychologist tracy dennistiwary  anxiety trying tell  explore interpret messages manage intense discomfort feelings generate did catch recent  break free eitheror thinking  work  financial contribution help make episodes ,0
told reach ring work job boisterous party long day work live right psychologist netta weinstein  constantly engage achievement distraction lose essential  makes case solitude examines happens seek quieter reflective interior lifeif  todays   twopart  mindfulnessseeking serenity seeking serenity,0
 spoke psychologist sheldon solomon fear death shapes actions  pivot psychology politics religion history explore people tried resolve fears talk philosopher stephen cave ways assure death really end,0
  bring  conversation harvard researcher dan gilbert explains bad predicting future happiness affects decision making actually happier making decision feels irrevocable,0
nonlifethreatening calls directed nursefirst triage helpline sixmonth nationwide trial aimed easing burden emergency services exactly does work public adapt col  david pflug chief medical officer  civil defence force  jade kua clinical lead nursefirst helpline senior consultant emergency medicine department woodlands health,1
bid curb cost cancer treatment  government announced approved drug list costeffective drugs claimed national insurance schemes cost treatment spiral  rising insurance premiums people paying new drug list shifted things worry dont insurance  associate  ravindran kanesvaran chairperson  cancer societys cancer treatment fund committee evelyn goh deputy ceo chief advisory officer providend gina ho yearold general manager cancer survivor,1
modern world saturated awards elementary school classrooms hollywood hallways academia theres shortage prizes work,0
live big city noticed new buildings popping highrise skyscraper concrete jungles weve built past century allowed millions live close proximity modern economies flourish given moving away forest environments humans evolved   conversation healing power nature psychologist ming kuo,0
tell harsh truth cause pain kinder dark psychologist emma levine explores unwritten rules guide people feel acceptable lie choices reveal trust harm deepest moral values companion   explore ways bridge gap lies condone practice lying claim hate youre subscriber  called telling truth lies youre  subscriber visit  applecohidden  free sevenday trial illustration masantocreative unsplash,0
learning trying new things mistakes inevitable mistakes provide valuable information just harmful  kick new year researcher amy edmondson explains difference constructive failures try avoid know enjoy  share   look forward bringing new  episodes,0
x twitter recently announced official policy allow consensual production distribution adult content company  safeguards impact does access pornography online young people job deal consequences facts tham yuen han addictions specialist executive director care community services  shobha avadhani senior lecturer communications new media national university ,1
pet owners pay fivefigure sums pets fall seriously ill current need greater scrutiny regulation   diana chee director animal veterinary service avs  angeline yang veterinarian owner vetmobile,1
latest marriage parenthood survey half singles surveyed said currently dating cent dated technology making things worse expectations changed fear commitment  violet  ceo lunch actually yearold students vanessa chan alan prefers anonymous,1
news broke billiondollar money laundering case  questions bad actors operate property agents bank staff separate legitimate transaction shady makes type crime especially tough crack  adam maniam director dispute resolution law firm drew napier associate  soh kee hean  university social sciences director cpib fabrizio fioroni adviser antimoney launderingcounter financing terrorism united nations office drugs crime,1
beginning year make resolutions months come resolve work procrastinate save money people stick aspirations fall short   conversation psychologist wendy wood shares researchers build good habits break bad onesif   new    youd  support work ,0
viral videos students displaying poor discipline classrooms beating fellow classmates rounds recently things gotten worse teachers better     hwei ming senior research scientist national institute education ryan ong yearold university student founder catalyst collective sarah exteacher requested anonymity,1
health minister ong ye kung recently said rising medical claims enabled insurance policies leading unhealthy buffet syndrome turn increases costs sit liaw yit ming ceo foundation healthcare holdings christopher  ceo providend break,1
prime minister minister finance lawrence  deliver speech budget feb addressing key concerns cost living remaining competitive tough labour market weeks   sit finalyear undergraduate shaza daliela rahmat business owner beatrice liu discuss hopes years budget,1
work just money greater purpose popular wisdom  answer depends job psychologist amy wrzesniewski yale university finds think work secretaries custodians computer programmers finds equally split say job career calling   shankar vedantam talks amy meaning purpose work,0
neuroscientist doug fields trip europe pickpocket stole wallet doug normally mildmannered enraged fury turned stranger     secret logic irrational angerif   new    youd  support work ,0
surrounded brands designer brands bargainshopper brands brands seemingly demographic slice stopped ask brands influence  look companies create worldview products sell make products,0
closure thambi magazine store years met shock sadness unrealistic expect heritage businesses survive competitive everchanging world   university social sciences  lye kit ying edmond  thirdgeneration business owner kim choo kueh chang editors note   edited remove incorrect reference available transformation grant heritage businesses cap s apologise error,1
latest round property cooling measures announced  raised questions affordability hdb flat home ownership asset host joined chua beng huat  social sciences urban studies yalenus college   associate  economics  university social sciences property agent jooann tay,1
feel just single feeling overwhelming force joyously happy crushingly sad complicated feel happy sad time     psychologist naomi rothman shares research mixed emotion ambivalence explores minds changes way think changes way did catch episodes emotions   feed website hiddenbrainorg  ,0
ecommerce giant lazadas retrenchment exercise resulted criticism handled including lack consultation union role unions play companies need let employees happens employers dont fulfill tripartite obligations sits patrick tay assistant secretarygeneral national trades union congress sim gim guan executive director  national employers federation,1
electric vehicle sales hit new high months accounting cent total car registrations concerns charging networks capacity remain  transport economist   stephanie  ceo evelectric charging,1
times feel  fraud psychologist kevin cokley studies corrosive effects selfdoubt turn negative voice heads ally   new    youd  support work ,0
sharing economy great gives opportunities connect strangers pool resources cheap ride weekend away   look new platforms amplify old biases,0
eugenicists utopians convinced doing hard necessary things included making decisions children,0
life theres onesizefitsall answer question scientificallytested methods help feel harmony world  companion conversation  researcher victor strecher explores science creating life meaning kickoff annual  year focus purpose passion youve reached midpoint year youre feeling adrift burned  followup questions victor strecher ideas youd  share   youd willing share  audience record voice memo phone email ideashiddenbrainorg use subject line purposeand reminder live tour underway shankar traveling canada share key ideas hes learned decade coming city near visit hiddenbrainorgtour,0
think religious faith just leap faith psychologists increasingly filling gaps understanding beliefs shape shaped human mind  psychologist ara norenzayan explores features  tied capacity faith shows religious nonreligious people use knowledge meaning livesfor reporting religion mind sure   creating god,0
singapores consumption sugar salt recommended global limits making sick government introducing measures curb new labels drive use alternatives away joy delicious local food food labels work  jaclyn reutens dietitian aptima nutrition damian dsilva masterchef  judge owner rempapa,1
anglo chinese school primary moving barker road upcoming tengah estate start significant reduce elitism social inequality  socalled elite schools follow suit puts questions ian  acs alumni  teng siao national institute education written education reforms  clarence ching founder access ,1
come dec companies  process place staff ask formal flexible work arrangements major talking point centred balancing business realities employee needs cut weeds gan siow huang minister state manpower education aslam sardar ceo institute human resource professionals  wan ting founder ceo digital marketing agency weave asia,1
workplace accidents news numbers climbing whats driving trend companies cutting corners deeper issue safety culture gets answers akbar kader managing director nan guan construction dipa swaminathan founder charity itsrainingraincoats chong kee sen emeritus president institution engineers,1
struggles mental illness younger generation dominated discussions covid hit noholdsbarred discussion guest cohost jaime han cnas    ceo imh  daniel fung daryl soh president  university social sciences peer support group unpack stigma selfharm social media weight crushing expectations,1
took significant pay cut declined private sector job join health ministry fight pandemic dinesh vasu dash running pap ticket new face contesting east coast grc describes journey points twists turns tells special    learnt working seniors lessons raising resilient children,1
s billion set aside upgrades new hawker centres coming decades  government tackling issues ranging infrastructure hygiene trade alive sustainability environment minister grace fu tells shes optimistic,1
families stuck intergenerational cycle poverty government provide essential safety nets real sustained change happen society pitches  minister social family development masagos zulkifli  masagos senior social worker care corner flora  join discussion tackling poverty ,1
combat scourge scams  protection scams recently introduced parliament passed police powers control bank accounts people insist transferring money potential scammers necessary step  mark yeo director fortress law corporation  annabelle chow principal clinical psychologist annabelle psychology,1
videos kinderland teachers allegedly mistreating young charges went viral year challenges teachers face classroom management rules guidelines applied ground puts questions caroline seng director professional development standards early childhood development agency cara  deputy director anglican preschool services fiona cher mother preschool children,1
amid rising rents growing competition  businesses closing relocating cheaper premises local bakery siglap announced social media moving rent increased cent commercial rent hikes spiralling control simply market forces work  ethan hsu head retail knight frank  terence yow managing director enviably group companies chairperson sg tenants united fairness,1
war iran sent shockwaves global energy markets leaving nations scrambling secure oil gas reserves  generates electricity using imported natural gas timing critical race ai hub power demands skyrocketing lights feed ai ambitions derailing netzero emission goals sit ministerincharge energy science technology   leng  takes power,1
having sense purpose buffer challenges face various stages life purpose boost health longevity   cornell university psychologist anthony burrow explains purpose isnt develop withindid catch kickoff  happiness  talk psychologist iris mauss stop chasing happiness build lasting sense contentment youre enjoying    work ,0
forward  exercise launched dpm lawrence  review refresh social compact  faces new postpandemic future exactly social compact hard truths tough conversations need gets unfiltered views generations singaporeans ambassador large  tommy koh president ppis hazlina halim yearold university student laura sim,1
wendy years old crying airport sees woman white walking herin weeks running episodes exclusively   feed dont miss wonderful stories   spotify ,0
east coast grc candidate workers party jasper  admits right season jump politics young children tells threehour conversation low thia khiang changed mind gifted education programme teacher believes education needs structural changes,1
theres worrying rise number young people arrested drug abuse youngest just years old  central narcotics bureau despite singapores zero tolerance drugs years intensive messaging liberal attitudes young people appear stubbornly sticky cannabis choice drug antidrug messaging tailored better suit generation thats consuming largely social media diet finds  lambert low deputy chief department addiction medicine institute mental health ravindran nagalingam board member national council drug abuse tham yuen han clinical director care community services,1
cognitive scientist nafees hamid studies minds people drawn radical fringe ideas  takes  motivations people brink extremism radicalized examine prompts people turn violence pull seductive appeal extremist ideasinterested learning themes ideas discussed today  classic  episodesromeo juliet kigalimoral combatour  subscription  available devices  platforms join   patreon page  support truly appreciate,0
didnt hear climate change election cycle social science research insight  encore  episodes hard wrap heads climate change,0
english dominating daily life  parents say lack confidence motivation  teach mother tongue home help children appreciate learn mother tongue languages just school subject sit   ee ling owner shiawase books hayati abdullah nusa malay language tuition enrichment centre weeks  ,1
minute brand new grc rare walkover fourcornered fight  smu law  eugene   reuben     school public policy perspective state play ge,1
joint attack iran united states israel sent shockwaves middle east rest world did decide military action iran going respond war impact global economy   jeanloup samaan middle east institute national university  eddy loh maybank president donald trump hopes achieve ripple effect fuel shipping prices,1
world easy imagine processing happens deciding respond psychologist neuroscientist norman farb  brains actually navigate world coming mental maps maps act  autopilot allowing navigate lives efficiently lead astray leaving stuck path negativity unhappiness  talk norman farb update internal maps world clearly   sure  chat norman farb   called making sense try  free sevenday trial going  applecohiddenbrain,0
meet new people drawn commanding presence dazzling personality turns different trait humility important long term  twopart discussion talk psychologist daryl van tongeren different kinds humility overlooked quality play powerful role workplace dynamics romantic relationships  todays  sure  conversation exclusively  listeners talk daryl van tongeren existential humility open idea wrong lifes biggest unknowns  called asking big questions listen  free sevenday trial applecohiddenbrain ,0
olympic medalist joseph schooling fellow swimmer amanda  admitted cannabis use said easy just weed singapores strict zerotolerance approach case swimming tide liberal attitudes finally does signal end schoolings sporting career gets answers nicholas fang managing director black dot consultancy eugene  associate  law  management university  omer ali saifudeen senior lecturer  university social sciences cnb officer,1
prime minister lawrence  unveiled cabinet surprise lack second deputy prime minister instead new cabinet includes coordinating ministers does signal changes come  independent political observer  felix   elvin ong national university ,1
vicepresident law society boon teck resigned heavily criticised comments rape victim  mark yeo director fortress law corporation sugidha nithiananthan director advocacy research aware dangers victimblaming,1
make decision tell story choice right make mental process psychologist elliot aronson calls selfjustification rationalizations lead excuse bad behavior talk poor choice times selfjustification used good second  cognitive dissonance listen  live contradictions,0
taxi industry  undergone major shifts rise ridehailing apps passengers swapping standing line confirmed rides flat fees metered taxis relevant questions transport economist   general secretary national taxi association ban kum cheong,1
 host shankar vedantam talks comedian aziz ansari star new netflix coauthor modern romance tinder texting dating bit  buying jam,0
great lengths happy singular focus feeling good actually making miserable  psychologist jordi quoidbach explores happens try live emotional monoculture makes case letting ups downsbe sure  episodes emotions  work topic happiness episodes enjoy happiness hideshappiness path contentmenthappiness reset button,0
 beat hong kong qualify asian cup interim head coach gavin  handed job mammoth task turn  football reveals hes staking month contract bold strategy strengthen lions  measures success football field challenging better national teams big plan,1
national day rally speech prime minister lawrence  called parents mindful childrens screen use online behaviour clear playbook parents raise kids thrive age ai government society step help  minister digital development information josephine teo motheroftwo jane foo,1
 kick new  emotions special double  emotions experience people think emotions  happiness sadness live inside individual minds youve gone music concert big stadium attended political rally likeminded voters know emotions crowds powerful ways begin psychologist amit goldenberg studies emotions spread ratchet intensity people experience bring  conversation anthropologist dimitris xygalatas takes inside world walking explore emotional power rituals love  help support work member  subscription includes bonus episodes wont hear plus youll helping continue bringing ideas insights years come sign   patreon page  support,0
 tharman shanmugaratnam ended presidential race landslide victory cent political analysts expressed surprise calling win unthinkable remarkable results say singaporean voter thinks lessons political parties draw  tharmans win look ahead general election breaks walid jumblatt abdullah assistant  nanyang technological university eugene  associate  law  management university,1
second issue falling fertility rates  minister indranee rajah gives inside look financial incentives matter help business owner father mark  gives input,1
local bakery chain cupcakes abruptly announced closing going liquidation employees suddenly left jobless strengthen singapores employment laws hurting competitive edge sit patrick tay assistant secretarygeneral ntuc amarjit kaur head employment withers khattarwong tightening safeguards companies fail employees,1
kick season heart matter host gets heart takes  citizen does proficient english matter markers matter guests yorlin  chief operating officer momentum works applying citizenship  gwee li sui poet graphic artist literary critic,1
old man died california nursing home obituary included just given long list pseudonyms hed known use  trace life riley shepard hillbilly musician writer smalltime man genius,0
americans feel obligation political news maybe focusing energies  political scientist eitan hersh  theres rise political hobbyism united states treat politics  entertainment following latest updates  follow  sports teams instead  think politics way acquire power persuade neighbors issues support,0
easy think best teams collections highly accomplished talented individuals working skilled leader thats guarantee success psychologist anita woolley  best teams far sum parts share certain basic characteristics know enjoy  tell   ,0
coincidences feel  magic realize coworker shares birthday run college roommate vacation surge delight today    moments serendipity mathematician joseph mazur explains coincidences arent unlikely think psychologist nicholas epley tells help meaning,0
sorrows way finding matter hard try avoid joys hand hard notice appreciate  continue conversation psychologist fred bryant science savoring make good things livesdo know enjoy  tell  weeks turn smallest moments opportunities pleasure  ,0
annual primary registration season parents strategising children choice schools despite tweaks brand schools oversubscribed parental attitudes hard shift meet everyones needs  ong junda father founder sgschoolingcom associate  jason  national institute education  hui min mother,1
amid rising rents growing competition  businesses closing relocating cheaper premises local bakery siglap recently announced social media moving rent increased cent commercial rent hikes spiralling control simply market forces work  ethan hsu head retail knight frank  terence yow managing director enviably group companies chairperson sg tenants united fairness,1
 minutes latest  npr  shankar vedantam explores happens people think talking thing reality speeding separate tracks usually doesnt end,0
shankar vedantam explores almosts quites    help monica wadhwa dan pink country music singer kacey musgraves,0
attrition rate nurses stabilised postcovid fast greying population hunt solid pipeline nursing talent continues aside better salaries concerns high home rentals allowing foreign nurses bring families addressed senior parliamentary secretary health mdm rahayu mahzam group chief nurse national healthcare group yong keng kwang ceo recruitment agency people services jordache keith share thoughts,1
end  moment thank   whos staff went helping recent weeks weve asking share examples whos impact life time josh gitelson state college pa recalls small gesture kindness stranger plane story   want share listeners tell email ideashiddenbrainorg subject line   guidelines looking hiddenbrainorgunsunghero,0
signs getting harder  explore longterm relationships changed time able improve marriage asking,0
 reduced waste domestic recycling rates falling according latest data national environment agency arent people using blue recycling bins recycle does waste end incinerated reasons answers  tong yen wah national university   huileng executive director zero waste sg,1
makes mind human different animals psychologist laurie santos  know answer question study humans  turn lauries work monkeys understand parts human behavior distinct share species,0
number people caught vaping tripled use ecigarettes entrenched just young attracted lower costs different flavours adults convinced harmful compared cigarettes does research say arent current enforcement measures working  associate  bibhas chakraborty dukenus medical school sean smoking cessation specialist sarah vapes,1
young people used language new different ways pretty driven older people crazy linguist john mcwhorter  likes lols natural inevitable evolution language   language sit,0
humans wrestled questions identity purpose millennia surprise insights people lived hundreds thousands years ago stood test time  philosopher tamar gendler explores great thinkers ancient greece understood human psyche learn wisdom todayif know enjoy  share   look forward bringing new  episodes,0
military strikes venezuela dramatic seizure president nicolas maduro wife sparked international outrage discussions new global order does leave countries       joseph liow    school public policy kevin chen s rajaratnam school international studies examine broader geopolitical stakes,1
frustrating people things dont want friend cancels plans minute child refuses dressed school long resentment builds tempted issue rules reminders consequences techniques use people alter behavior strikingly ineffective  psychologist stuart ablon explains methods fail offers better ways help people care make lasting changeif love  join upcoming live los angeles november dates coming soon tickets info hiddenbraintour,0
united states praise people strong convictions look express doubt hesitation   psychologist adam grant pushes benefits certainty describes magic unfolds challenge deeplyheld beliefsdont forget  episodes  including weeks overcome stage fright youd  support work  ,0
gotten heated argument politics maybe youve said youre proud game night friends booed opposing team sporting event psychologist mina cikara studies happens moments mindset shifts  mina shares profound ways group shapes thoughts feelings behaviorsif  sure  work including recent  exploring theres merit idea doesnt kill makes strongeralso  new    youd  support work ,0
selfcensor times quiet dinner inlaws nod passively work meeting happens deception step pretend believe opposite really feel   economist political scientist timur kuran explains personal professional political lives shaped fear people thinkif   new    youd  support work ,0
graduate school neuroscientist richard davidson learned use scientific tools way examine  time started studying master meditators deeply contemplated internal external lives  ways understanding mindmake sure listen success episodes taking leap getting want getting staying   want join new  subscription ,0
 think science evolves way isrational isnt case  look information misinformation spread science,0
latest spca data number confirmed animal cruelty welfare cases  reached highest point whats driving numbers samantha owner chubbybuddy cats sabrina  communications advocacy manager spca ,1
generations difficult dangerous express sexual orientation heterosexuality united states recent years changed    striking transformations public attitude recorded  strategies used lgbtq community hold lessons groups seeking change,0
batch residents moved singapores newest hdb town complained lack shops poor internet connection condensation issues centralized cooling kind residential estate teething problems expected building new town buyers expectations changed woo jun jie    school public policy national university  nicholas mak real estate analyst discuss,1
speech years peoples action party central executive committees meeting pm  hsien loong said singaporeans ways voting opposition keeping pap government power likely reality soon come pass does opposition need win stronger mandate gets views jaian chong associate  national university  walid jumblatt abdullah assistant  nanyang technological university yearold political science student jaye seah,1
